Time(ms),Ax(g),Ay(g),Az(g)
1268,-0.144,-0.027,1.197
1369,0.099,0.208,1.069
1470,-0.221,0.412,1.595
1571,0.192,-0.008,0.737
1672,0.276,-0.128,0.522
1773,-0.443,-0.289,1.433
1874,-0.579,-0.647,1.568
1975,-0.210,0.412,1.308
2076,0.325,0.219,0.856
2177,0.891,-0.203,0.210
2278,0.419,0.050,0.342
2379,0.587,-0.292,0.389
2480,-0.684,-0.143,1.560
2581,0.043,0.403,0.825
2682,-0.106,0.322,1.265
2783,0.398,-0.089,0.473
2884,0.638,-0.728,0.800
2985,-0.643,-0.568,1.231
3086,0.709,-1.758,1.326
3187,0.183,1.293,1.206
3288,0.483,1.051,1.871
3389,-0.313,0.983,1.262
3490,0.068,-0.524,1.909
3591,1.133,-2.000,1.911
3692,1.211,1.177,0.936
3793,0.748,1.348,0.074
3894,1.077,-0.245,-0.123
3995,0.777,-0.109,-0.519
4101,0.708,-1.031,-0.075
4202,1.072,1.827,0.331
4303,0.232,1.021,0.430
4404,0.160,-2.000,0.599
4505,0.867,-2.000,1.439
4606,0.055,0.697,1.130
4707,-0.313,1.289,1.480
4808,0.175,-1.882,1.970
4909,1.038,-1.028,1.831
5010,0.944,1.444,0.966
5111,0.807,-0.334,0.146
5212,0.748,-0.729,-0.540
5313,0.879,-0.719,-0.403
5414,-0.871,-0.040,-0.332
5515,-1.980,1.721,1.970
5616,-1.980,2.000,1.970
5717,-1.980,0.649,1.970
5818,0.666,-1.442,0.148
5919,1.294,0.310,0.140
6020,0.611,2.000,0.314
6121,0.368,-2.000,1.046
6222,0.927,-0.657,1.828
6323,-0.401,1.382,1.218
6424,0.371,-0.227,1.970
6525,1.103,-2.000,1.371
6626,1.732,0.768,0.779
6727,1.071,0.942,-0.038
6828,1.189,-0.201,0.186
6929,0.705,-1.015,-0.325
7030,0.861,-0.381,-0.220
7131,-1.474,0.467,0.953
7232,-1.980,2.000,1.970
7333,-1.980,0.861,1.970
7434,-0.612,-0.626,1.970
7535,0.775,0.483,0.529
7636,1.148,2.000,0.262
7737,0.682,0.085,-0.456
7838,1.096,-2.000,0.084
7939,1.214,-2.000,1.053
8040,-0.182,1.152,1.622
8141,0.614,-2.000,1.970
8242,1.549,-1.363,1.441
8343,1.180,1.372,0.265
8444,0.924,0.467,-0.180
8545,0.868,-0.622,-0.363
8646,0.766,-0.083,0.085
8747,-0.595,-0.526,0.221
8848,-1.922,-0.488,1.220
8949,-1.980,2.000,1.970
9050,-1.980,2.000,1.970
9151,0.481,-0.222,0.266
9252,0.931,2.000,0.370
9353,0.717,0.099,-0.228
9454,1.586,-2.000,0.189
9555,1.321,-2.000,0.405
9656,0.572,1.063,1.191
9757,-0.193,0.072,1.516
9858,0.257,-2.000,1.643
9959,1.362,-0.645,1.964
10060,0.785,1.613,1.189
10161,0.614,-0.575,-0.201
10262,0.929,-0.226,-0.420
10363,0.288,-0.251,0.131
10464,-1.520,-0.804,0.884
10565,-1.980,2.000,1.970
10666,-1.980,1.886,1.970
10767,0.113,-0.298,1.191
10868,0.697,-0.379,-0.073
10969,0.940,2.000,0.463
11070,0.423,-2.000,0.367
11171,1.568,-2.000,1.369
11272,0.272,1.413,1.352
11373,-0.085,0.330,1.970
11474,0.151,-2.000,1.908
11575,1.242,-0.419,1.705
11677,0.715,-0.674,0.088
11778,0.654,-1.027,-0.082
11879,1.217,-0.492,-0.384
11980,0.537,-0.950,-0.703
12081,-1.760,2.000,1.970
12182,-1.980,2.000,1.970
12283,-1.980,-0.094,1.970
12384,0.791,-0.554,0.921
12485,1.086,1.646,0.291
12586,0.815,1.764,-0.177
12687,0.661,-2.000,-0.082
12788,1.247,-2.000,0.918
12889,0.772,0.594,1.451
12990,-0.188,1.136,1.713
13091,1.608,-1.433,1.405
13192,1.437,1.899,0.487
13293,0.877,0.588,-0.147
13394,0.967,-0.571,-0.080
13495,0.774,-0.139,-0.084
13596,-0.320,-0.296,0.176
13697,-1.503,-0.547,0.515
13798,-1.980,2.000,1.970
13899,-1.980,2.000,1.970
14000,-1.980,-0.216,1.970
14101,0.982,2.000,0.264
14202,0.864,0.345,-0.308
14303,1.441,-2.000,-0.119
14404,1.353,-2.000,0.152
14505,0.855,0.770,1.144
14606,-0.419,0.892,1.259
14707,0.181,-1.403,1.865
14808,1.265,-1.628,1.934
14909,1.048,1.408,0.982
15010,0.488,0.769,0.147
15111,0.733,-0.391,-0.327
15212,-0.082,-0.139,0.264
15313,-1.776,-1.159,1.325
15414,-1.980,2.000,1.970
15515,-1.980,1.736,1.970
15616,0.098,-0.040,0.844
15717,0.831,-0.047,0.006
15818,0.984,2.000,0.352
15919,0.552,-0.125,-0.183
16020,1.418,-1.941,1.162
16121,0.234,1.096,1.305
16222,-0.057,-0.204,1.970
16323,0.018,-2.000,1.727
16424,1.052,-0.222,1.844
16525,0.675,1.365,1.359
16626,0.155,-0.063,0.397
16727,0.415,-1.018,-0.148
16828,1.026,-0.366,-0.365
16929,-0.118,-0.684,-0.257
17030,-1.980,2.000,1.970
17131,-1.980,1.654,1.970
17232,0.218,-0.536,1.209
17333,0.840,0.056,-0.072
17434,1.239,2.000,0.192
17535,0.524,0.261,-0.079
17636,0.590,-2.000,0.516
17737,1.015,-1.044,1.768
17838,-0.161,0.951,1.684
17939,0.247,-0.858,1.706
18040,1.641,1.217,0.845
18141,0.701,1.361,0.101
18242,0.764,-0.333,0.041
18343,0.743,-0.260,-0.301
18444,0.481,0.038,0.077
18545,-1.180,-1.095,-0.042
18646,-1.710,2.000,1.661
18747,-1.980,2.000,1.970
18848,-1.980,0.192,1.970
18949,0.646,-1.123,1.240
19050,1.102,1.651,-0.412
19151,1.157,-1.423,-0.260
19252,1.340,-2.000,0.314
19353,1.156,-0.028,1.409
19454,-0.274,1.258,1.307
19555,0.358,-1.241,1.970
19656,0.863,-2.000,1.845
19757,1.290,1.288,0.864
19858,0.645,0.565,-0.222
19959,0.832,-0.670,-0.272
20060,-0.156,-0.197,0.358
20161,-1.818,-1.049,1.037
20262,-1.980,2.000,1.970
20363,-1.980,2.000,1.970
20464,0.067,0.220,0.838
20565,0.565,0.121,0.141
20666,1.333,2.000,0.389
20767,0.930,-0.284,-0.302
20868,1.293,-2.000,0.187
20969,0.397,2.000,1.136
21070,0.129,-0.620,1.830
21171,0.400,-1.734,1.678
21272,1.236,0.692,1.811
21373,0.541,1.404,1.217
21474,0.151,-0.023,0.260
21575,0.655,-0.414,-0.404
21676,0.610,0.378,-0.261
21777,-0.816,-0.874,0.460
21878,-1.980,0.706,1.970
21979,-1.980,0.708,1.970
22080,0.618,-0.691,0.479
22181,1.185,0.886,0.079
22282,1.010,2.000,0.439
22383,0.064,-2.000,0.060
22484,1.077,-2.000,1.436
22585,0.546,0.524,1.699
22686,0.003,0.676,1.931
22787,0.472,-2.000,1.470
22888,1.534,-0.727,1.332
22989,0.569,0.471,0.336
23090,0.677,-0.817,-0.031
23191,0.733,0.011,-0.216
23292,0.005,-0.730,-0.215
23393,-1.278,0.057,0.007
23494,-1.980,2.000,1.970
23595,-1.980,1.429,1.970
23696,-0.357,-0.590,1.868
23797,0.943,0.015,0.341
23898,1.651,2.000,0.415
23999,0.898,-2.000,-0.010
24100,1.607,-2.000,1.311
24201,0.145,1.350,1.283
24302,-0.006,0.318,1.750
24403,1.273,-2.000,1.285
24504,1.517,1.310,0.922
24605,0.521,1.312,0.021
24706,0.790,-0.349,-0.136
24807,0.817,0.091,-0.212
24908,0.031,0.194,0.512
25009,-1.980,1.250,1.970
25110,-1.980,2.000,1.970
25211,-0.905,0.191,1.530
25312,0.545,-0.365,0.623
25413,1.391,2.000,0.307
25514,0.932,0.650,-0.392
25615,1.385,-2.000,0.108
25716,1.652,-1.257,-0.334
25817,0.541,1.600,1.432
25918,0.326,-2.000,1.618
26019,1.196,-0.708,1.970
26120,0.368,1.192,1.351
26221,0.065,0.101,0.191
26322,0.675,-0.507,-0.509
26423,0.973,0.134,-0.101
26524,-0.706,-0.795,0.015
26625,-1.980,0.161,1.970
26726,-1.980,2.000,1.970
26827,-0.776,0.588,1.396
26928,1.001,1.480,0.348
27029,0.411,1.441,0.469
27130,0.346,-2.000,0.129
27231,1.189,-2.000,1.176
27332,0.515,1.038,1.575
27433,-0.202,0.590,1.809
27534,0.383,-2.000,1.503
27638,0.700,-0.298,-0.290
27740,0.547,-0.696,-0.187
27841,-0.867,-0.083,-0.534
27942,-1.980,2.000,1.970
28043,-1.980,0.163,1.970
28144,0.804,-1.021,1.148
28245,1.320,1.269,0.177
28346,1.147,1.012,-0.128
28447,0.811,-2.000,-0.166
28548,1.133,-2.000,0.576
28649,0.892,0.365,1.107
28750,-0.167,1.446,1.132
28851,0.468,-2.000,1.744
28952,1.172,1.428,0.493
29053,0.773,0.101,-0.386
29154,0.824,-0.503,-0.485
29255,0.674,-0.183,0.199
29356,-1.067,-0.946,0.516
29457,-1.980,1.119,1.970
29558,-1.980,2.000,1.970
29659,-1.952,0.243,1.873
29760,0.659,-0.781,0.628
29861,1.146,2.000,0.004
29962,0.834,-2.000,0.073
30063,1.364,-2.000,0.746
30164,0.739,0.288,1.049
30265,0.120,0.330,1.244
30366,0.083,-2.000,1.501
30467,1.124,-0.634,1.970
30568,0.696,1.322,1.508
30669,0.213,0.103,0.351
30770,0.642,-0.467,-0.322
30871,0.085,-0.509,-0.325
30972,-1.333,0.879,0.043
31073,-1.980,2.000,1.970
31174,-1.980,1.107,1.970
31275,0.602,-1.340,0.501
31376,1.261,0.572,0.367
31477,0.791,2.000,0.387
31578,-0.109,-2.000,0.118
31679,0.829,-2.000,1.451
31780,0.632,0.332,1.530
31881,0.170,-1.826,1.719
31982,1.499,-0.826,1.782
32083,1.239,1.949,0.855
32184,0.799,0.059,0.018
32285,0.785,-0.439,-0.061
32386,0.679,-0.260,-0.469
32487,0.226,-0.958,-0.462
32588,-1.084,1.582,0.101
32689,-1.828,2.000,1.970
32790,-1.980,0.528,1.970
32891,1.191,0.388,0.521
32992,1.457,2.000,0.305
33093,0.548,-0.958,-0.551
33194,1.209,-2.000,0.343
33295,1.249,-1.019,1.287
33396,-0.286,0.863,0.887
33497,0.333,-0.365,1.970
33598,0.985,-2.000,1.945
33699,1.325,1.325,0.929
33800,0.739,0.134,-0.252
33901,0.814,-0.091,-0.304
34002,-0.105,-0.412,0.394
34103,-1.920,-0.284,1.259
34204,-1.980,2.000,1.970
34305,-1.980,1.615,1.970
34406,-0.411,-0.497,1.635
34507,0.808,0.566,0.125
34608,1.416,2.000,0.178
34709,0.757,-1.052,-0.473
34810,1.639,-2.000,0.505
34911,0.018,0.716,1.078
35012,0.221,-1.174,1.633
35113,0.504,-1.867,1.829
35214,1.007,0.786,1.970
35315,0.532,1.059,1.225
35416,0.348,0.051,-0.166
35517,0.769,-0.011,-0.495
35618,0.799,-0.251,-0.025
35719,-1.122,-0.330,-0.225
35820,-1.980,2.000,1.970
35921,-1.857,0.240,1.970
36022,0.643,-1.291,0.376
36123,0.917,-0.185,-0.078
36224,0.967,2.000,-0.035
36325,0.235,-0.791,-0.153
36426,1.183,-2.000,0.531
36527,1.185,-1.613,1.150
36628,0.305,1.272,0.892
36729,0.096,0.493,1.507
36830,0.188,-2.000,1.559
36931,0.954,1.071,1.289
37032,0.624,0.181,0.552
37133,0.377,-0.201,-0.152
37234,0.642,-0.440,-0.638
37335,1.012,-0.187,-0.282
37436,-0.293,-0.470,0.148
37537,-1.716,-0.791,1.133
37638,-1.980,1.506,1.970
37739,-1.980,2.000,1.970
37840,0.154,-0.572,1.247
37941,0.667,-0.589,-0.324
38042,1.088,1.215,-0.177
38143,0.904,0.610,-0.430
38244,1.184,-1.952,-0.179
38345,1.672,-2.000,0.095
38446,1.225,-1.555,0.545
38547,0.736,0.549,1.501
38648,0.109,1.304,1.519
38749,0.099,0.294,1.515
38850,1.609,-1.099,1.430
38951,1.293,1.702,1.058
39052,0.942,1.412,0.056
39153,0.720,0.026,-0.172
39254,0.647,-0.059,-0.364
39355,0.471,0.039,-0.316
39456,0.699,-0.391,-0.101
39557,0.098,-0.926,-0.545
39658,-0.599,-0.417,-0.358
39759,-1.539,0.410,0.932
39860,-1.980,2.000,1.970
39961,-0.870,0.583,1.609
40062,0.641,-0.880,0.617
40163,0.733,-0.821,-0.139
40264,0.961,1.095,0.174
40365,0.956,2.000,0.077
40466,0.831,2.000,0.055
40567,0.765,0.609,-0.429
40668,0.700,-1.214,-0.056
40769,1.085,-2.000,0.833
40870,0.583,-0.743,1.714
40971,0.596,0.791,1.417
41072,0.133,0.878,1.291
41173,0.309,-1.177,1.223
41274,1.098,-2.000,1.509
41375,1.878,1.733,1.161
41476,1.009,0.886,-0.139
41577,0.823,-0.001,-0.236
41678,0.669,-0.101,-0.172
41779,-1.603,-0.783,0.504
41880,-1.980,2.000,1.970
41981,-1.980,1.539,1.970
42082,-1.980,-0.299,1.970
42183,0.953,-0.928,0.738
42284,1.360,2.000,0.386
42385,0.825,0.279,-0.419
42486,1.263,-2.000,0.028
42587,1.270,-2.000,0.483
42688,0.632,1.079,1.095
42789,0.222,-1.909,1.913
42890,0.988,-1.348,1.970
42991,0.787,1.226,0.991
43092,0.542,0.320,-0.258
43193,0.677,-0.195,-0.494
43294,0.631,-0.056,-0.000
43395,-0.744,-0.888,0.690
43496,-1.980,0.026,1.581
43603,-0.269,-1.914,1.569
43704,0.374,-1.210,0.687
43805,1.218,-2.000,0.896
43906,0.622,0.771,1.259
44007,0.478,1.553,1.462
44108,-0.123,0.319,1.582
44209,0.291,-0.300,1.393
44310,0.439,-1.864,1.736
44411,0.821,-2.000,1.558
44512,1.279,-1.341,1.345
44613,1.625,-0.059,1.345
44714,1.217,-0.056,1.489
44815,0.963,1.050,1.480
44916,0.807,1.048,1.347
45017,0.954,1.481,1.094
45118,0.928,1.797,0.798
45219,1.036,1.525,0.139
45320,1.217,0.978,0.427
45421,1.206,0.950,0.837
45522,0.921,1.141,1.257
45623,1.001,1.449,1.198
45724,0.455,1.253,0.467
45825,0.793,1.203,0.269
45926,1.227,1.051,0.467
46027,1.105,0.910,1.293
46128,1.258,0.367,1.051
46229,1.104,0.796,1.259
46330,1.494,1.573,1.133
46431,1.452,1.387,1.283
46532,1.151,0.775,1.599
46633,1.102,0.287,1.793
46734,1.286,1.086,0.860
46835,1.264,1.446,0.783
46936,1.445,1.581,0.762
47037,1.030,1.455,0.940
47138,0.886,1.078,1.903
47239,1.126,0.420,1.970
47340,1.002,-1.230,1.472
47441,1.210,-1.249,1.345
47542,1.398,-1.092,1.146
47643,0.689,-1.232,1.675
47744,0.787,0.390,1.905
47845,0.802,-0.914,1.970
47946,0.635,-2.000,1.354
48047,0.939,-2.000,1.049
48148,0.524,-2.000,1.399
48249,0.230,-1.803,1.637
48350,0.051,-1.531,1.753
48451,0.320,-0.810,1.961
48552,0.230,-1.115,1.877
48653,0.123,-2.000,1.630
48754,-0.266,-1.551,1.775
48855,-0.076,0.113,1.645
48956,0.393,1.599,1.384
49057,0.242,2.000,1.184
49158,0.416,1.896,1.068
49259,0.485,0.048,1.114
49360,1.271,-1.546,1.298
49461,0.657,-2.000,0.602
49562,0.427,-2.000,1.119
49663,0.451,-2.000,0.993
49764,1.494,-2.000,0.423
49865,0.988,-2.000,0.504
49966,0.043,-1.765,0.805
50067,-0.662,-1.605,0.824
50168,-0.056,-0.489,0.632
50269,0.579,0.469,-0.139
50370,0.946,0.935,-0.169
50471,1.033,2.000,0.220
50572,0.595,2.000,0.939
50673,-0.200,1.052,0.703
50774,0.610,1.052,0.093
50875,0.860,0.728,-0.160
50976,1.197,1.534,0.204
51077,0.945,2.000,0.672
51178,0.981,2.000,0.544
51279,1.052,2.000,0.709
51380,1.300,1.194,0.330
51481,0.872,0.612,0.407
51582,0.855,-0.077,0.072
51683,0.656,2.000,0.782
51784,0.815,2.000,-0.203
51885,-0.127,-2.000,0.237
51986,1.286,-2.000,1.509
52087,0.613,0.606,1.616
52188,-0.465,0.135,1.970
52289,0.025,-2.000,1.575
52390,1.224,-0.503,1.848
52491,0.860,1.538,1.323
52592,0.283,0.140,0.496
52693,0.963,0.027,-0.238
52794,0.258,-0.845,-0.400
52895,-1.152,0.388,-0.209
52996,-1.980,2.000,1.970
53097,-1.980,1.248,1.970
53198,-1.354,-0.474,1.970
53299,0.976,-0.420,0.329
53400,1.772,2.000,0.440
53501,0.663,0.963,-0.213
53602,0.473,-2.000,0.162
53703,0.377,1.167,1.506
53804,-0.083,0.404,1.689
53905,0.836,-2.000,1.384
54006,1.782,0.349,1.221
54107,0.970,1.539,0.360
54208,0.438,-0.368,-0.281
54309,0.891,-0.155,-0.354
54410,0.498,0.410,0.114
54511,-0.960,-1.295,0.362
54612,-1.980,1.133,1.970
54713,-1.980,0.842,1.970
54814,-0.217,-0.318,1.746
54915,0.968,1.141,0.051
55016,1.966,2.000,0.049
55117,0.701,0.574,-0.650
55218,0.875,-1.637,-0.080
55319,1.120,-2.000,0.501
55420,0.767,-2.000,1.431
55521,0.578,0.597,1.325
55622,0.395,-1.569,1.897
55723,0.808,-2.000,1.358
55824,1.988,0.402,1.117
55925,1.303,1.185,0.309
56026,0.929,-0.196,-0.328
56127,0.830,-0.682,-0.133
56228,0.648,-0.426,-0.241
56329,0.859,-0.178,-0.458
56430,0.288,-0.848,-0.348
56531,-1.088,-0.530,0.007
56632,-1.980,2.000,1.970
56733,-1.980,2.000,1.970
56834,-1.980,0.052,1.970
56935,0.288,-0.805,0.282
57036,0.585,-0.720,0.036
57137,0.746,0.096,0.108
57238,0.982,1.732,0.677
57339,1.424,2.000,0.271
57440,1.392,2.000,0.610
57541,0.643,-0.049,-0.626
57642,0.845,-2.000,0.802
57743,1.134,-2.000,0.701
57844,1.351,-1.199,1.388
57945,0.497,1.025,1.239
58046,-0.015,1.177,1.516
58147,0.182,-1.019,1.765
58248,0.605,-2.000,1.241
58349,1.023,-1.761,1.195
58450,1.418,0.049,1.562
58551,1.114,1.048,1.520
58652,0.240,0.982,1.180
58753,-0.029,0.299,0.328
58854,0.225,0.210,-0.245
58955,0.499,0.328,-0.316
59056,0.530,-0.272,0.011
59157,0.339,-0.612,0.526
59258,-0.390,-0.931,0.289
59359,-1.440,-0.839,0.644
59460,-1.761,0.553,1.522
59568,1.382,-2.000,0.230
59669,1.082,-1.567,0.901
59770,1.085,-0.312,1.589
59871,0.932,0.419,0.996
59972,-0.043,0.858,0.992
60073,0.319,0.407,0.843
60174,0.492,-1.523,0.977
60275,0.600,-2.000,1.076
60376,0.467,-2.000,1.389
60477,1.007,-0.965,1.689
60578,1.095,1.011,1.248
60679,0.530,1.136,1.336
60780,0.490,0.957,0.482
60881,0.200,0.432,-0.016
60982,0.442,-0.041,-0.235
61083,0.598,-0.331,-0.350
61184,0.580,-0.121,-0.254
61285,0.565,-0.198,-0.501
61386,1.175,-0.471,-0.069
61487,1.193,-0.886,-0.292
61588,-0.787,0.064,-0.195
61689,-1.671,0.599,1.243
61790,-1.980,1.166,1.970
61891,-1.980,2.000,1.970
61992,-1.980,2.000,1.970
62093,-1.980,1.884,1.970
62194,-1.980,0.740,1.970
62295,-1.980,0.332,1.970
62396,-1.675,-0.626,1.970
62497,0.221,-1.130,0.976
62598,1.319,0.611,0.229
62699,1.075,2.000,0.386
62800,0.420,2.000,0.590
62901,-0.015,1.754,0.809
63002,0.590,0.249,-0.397
63103,0.845,-0.753,0.084
63204,1.250,-1.680,0.169
63305,1.231,-2.000,0.492
63406,1.020,-2.000,0.763
63507,1.051,-0.049,0.956
63608,0.404,0.726,0.949
63709,-0.193,0.730,1.259
63810,0.142,-0.298,1.238
63911,-0.594,-2.000,1.970
64012,0.026,-2.000,1.796
64113,0.204,-2.000,1.877
64214,0.645,-1.524,1.970
64315,0.989,-1.328,1.897
64416,0.767,-0.778,1.920
64517,0.954,1.729,0.525
64618,0.926,1.074,-0.045
64719,0.896,0.940,0.147
64820,0.621,0.146,0.354
64921,0.074,-0.314,0.187
65022,0.291,-0.600,-0.332
65123,0.241,-0.954,-0.865
65224,0.632,-0.210,-0.749
65325,0.514,0.295,-0.055
65426,0.653,-0.002,-0.146
65527,-1.331,-1.146,0.578
65628,-1.140,-0.077,0.370
65729,-0.865,0.992,-0.373
65830,-0.985,1.957,0.390
65931,-1.820,1.502,1.882
66032,-1.980,1.848,1.970
66133,-1.980,2.000,1.970
66234,-1.980,2.000,1.970
66335,-1.980,2.000,1.970
66436,-1.980,1.439,1.970
66537,-1.980,0.635,1.970
66638,-1.980,0.344,1.970
66739,-1.831,0.161,1.970
66840,-0.513,-0.495,1.336
66941,0.227,-0.426,0.377
67042,0.138,-0.205,0.646
67143,-0.279,-0.476,1.586
67244,-0.565,-0.633,1.953
67345,0.237,-0.877,1.600
67446,1.189,0.846,0.469
67547,1.325,1.511,0.711
67648,0.555,2.000,0.812
67749,-0.192,1.877,1.212
67850,0.558,2.000,0.803
67951,1.235,2.000,-0.018
68052,0.904,1.444,-0.264
68153,0.683,0.991,-0.319
68254,0.072,0.639,0.186
68355,0.081,-0.516,0.514
68456,0.760,-2.000,1.301
68557,1.060,-2.000,1.554
68658,1.401,-2.000,1.012
68759,1.260,-1.892,0.736
68860,1.310,-1.073,1.073
68961,1.164,-0.116,1.569
69062,1.152,-0.558,1.126
69163,0.965,0.425,0.748
69264,0.450,1.003,0.689
69365,-0.293,1.083,1.097
69466,-0.202,-2.000,1.771
69567,-0.235,-2.000,1.494
69668,0.064,-2.000,1.761
69769,0.306,-1.560,1.808
69870,0.282,-1.836,1.584
69971,0.443,-2.000,1.439
70072,0.582,-2.000,1.287
70173,0.398,-1.580,1.793
70274,0.632,-0.942,1.937
70375,0.997,-1.088,1.662
70476,1.108,0.874,1.382
70577,0.695,1.324,0.846
70678,0.888,1.305,0.496
70779,0.797,1.046,0.234
70880,0.791,0.460,-0.085
70981,0.844,-0.018,-0.288
71082,0.202,-0.059,0.214
71183,0.214,-0.535,-0.309
71284,0.446,-0.694,-0.546
71385,0.478,-0.493,-0.557
71486,0.779,-0.190,0.582
71587,0.312,-0.348,0.324
71688,-0.152,-0.382,0.815
71789,-0.347,-1.026,0.287
71890,-0.704,-0.455,-0.181
71991,-0.733,0.343,-0.565
72092,-1.274,0.596,0.307
72193,-1.548,-0.186,1.405
72294,-1.980,0.908,1.970
72395,-1.980,2.000,1.970
72496,0.649,-0.547,0.356
72597,1.015,0.884,0.215
72698,1.075,2.000,0.342
72799,0.326,-0.630,0.069
72900,0.552,-2.000,0.597
73001,1.202,-1.359,1.638
73102,0.157,1.048,1.517
73203,-0.221,-0.967,1.858
73304,0.211,-2.000,1.240
73405,1.035,1.699,1.137
73506,0.106,0.353,0.812
73607,0.269,-0.870,-0.043
73708,0.987,0.269,-0.293
73809,0.578,-0.357,-0.260
73910,-1.186,-0.629,-0.377
74011,-1.823,1.784,1.653
74112,-1.980,2.000,1.970
74213,-1.980,0.715,1.970
74314,0.538,-1.174,1.177
74415,1.486,2.000,0.116
74516,0.925,0.685,-0.315
74617,-0.014,-2.000,0.427
74718,0.757,-2.000,1.692
74819,1.118,0.111,1.908
74920,0.065,1.430,1.970
75021,0.039,0.186,1.264
75122,0.353,-2.000,1.405
75223,1.177,-1.566,1.264
75324,1.435,1.466,1.914
75430,-1.856,1.399,1.500
75531,-1.980,2.000,1.970
75632,-1.980,2.000,1.970
75733,-0.491,-0.403,1.691
75834,0.572,-0.493,1.439
75935,1.212,0.685,0.094
76036,1.671,2.000,0.143
76137,0.592,1.839,0.026
76238,-0.089,-2.000,0.304
76339,0.718,-2.000,1.527
76440,0.285,0.868,1.598
76541,0.042,-1.367,1.569
76642,0.187,-2.000,1.425
76743,1.613,-0.960,1.063
76844,1.631,1.490,1.038
76945,0.725,0.916,0.532
77046,0.567,-0.430,0.122
77147,0.551,-0.441,0.069
77248,0.681,-0.522,-0.464
77349,-0.414,0.000,-0.585
77450,-1.364,1.906,1.145
77551,-1.980,2.000,1.970
77652,-1.980,1.433,1.970
77753,-1.980,-0.205,1.970
77854,0.686,-1.568,-0.046
77955,1.364,0.690,0.216
78056,0.788,2.000,0.668
78157,0.361,0.530,0.366
78258,-0.313,-2.000,0.275
78359,0.895,0.096,1.893
78460,0.075,1.600,1.516
78561,-0.037,-0.260,1.766
78662,0.134,-2.000,1.659
78763,1.615,-0.514,1.271
78864,0.947,1.387,1.200
78965,0.261,1.439,1.491
79066,0.051,-0.282,0.315
79167,0.315,-0.645,-0.213
79268,0.425,-0.991,-0.456
79369,-1.137,-0.755,-0.127
79470,-1.264,1.403,0.879
79571,-1.980,2.000,1.970
79672,-1.980,1.004,1.970
79773,-0.588,-0.684,1.223
79874,0.548,-1.601,0.099
79975,1.204,-0.444,0.192
80076,1.272,2.000,0.291
80177,-0.205,0.616,0.686
80278,-0.225,-1.995,0.752
80379,1.064,-0.883,1.380
80480,0.357,1.285,1.276
80581,0.189,1.250,1.096
80682,-0.051,-0.844,1.590
80783,0.372,-2.000,1.357
80884,1.270,-0.383,1.970
80985,1.314,1.157,1.851
81086,0.375,1.354,1.374
81187,-0.004,0.391,0.479
81288,0.854,0.040,-0.370
81389,0.654,-0.173,0.358
81490,-0.970,-0.780,0.394
81591,-1.980,0.277,1.720
81692,-1.980,2.000,1.970
81793,-1.980,2.000,1.970
81894,-1.038,1.135,1.970
81995,0.218,-0.319,0.364
82096,0.715,0.045,0.019
82197,1.115,2.000,0.329
82298,0.645,-1.156,-0.282
82399,1.579,-2.000,0.284
82500,1.287,-2.000,0.471
82601,0.778,0.622,1.249
82702,-0.070,0.637,1.268
82803,-0.190,0.396,1.428
82904,0.331,-2.000,1.579
83005,0.957,-2.000,1.278
83106,1.346,0.188,1.397
83207,0.752,0.585,-0.285
83308,0.634,-0.129,-0.397
83409,0.545,-0.562,-0.528
83510,1.126,-0.195,0.799
83611,-0.371,-0.706,0.558
83712,-1.884,-1.572,0.927
83813,-1.980,1.110,1.970
83914,-1.980,2.000,1.970
84015,-1.980,1.381,1.970
84116,-1.980,0.021,1.970
84217,1.024,0.554,0.324
84318,1.105,1.843,0.333
84419,0.820,1.197,-0.121
84520,0.441,-1.114,-0.734
84621,0.381,-2.000,0.458
84722,1.391,-2.000,0.879
84823,0.840,-0.221,1.643
84924,-0.068,1.085,1.392
85025,0.140,-0.623,1.478
85126,0.268,-2.000,1.000
85227,1.786,2.000,0.989
85328,1.158,0.591,0.078
85429,0.877,-0.030,-0.076
85530,0.891,-0.234,-0.240
85631,0.919,-0.325,0.064
85732,0.366,-0.796,-0.277
85833,-0.850,-0.855,-0.294
85934,-1.108,1.782,0.575
86035,-1.980,2.000,1.970
86136,-1.980,1.257,1.970
86237,0.928,-0.521,1.234
86338,1.001,1.337,0.123
86439,1.260,2.000,0.133
86540,0.602,-0.117,-0.495
86641,0.743,-2.000,0.137
86742,1.367,-2.000,0.801
86843,1.019,0.486,1.659
86944,-0.163,1.287,1.657
87045,0.178,-1.008,1.802
87146,1.048,-2.000,1.521
87247,1.132,1.260,0.449
87348,0.499,-0.073,-0.294
87449,0.693,-0.671,-0.342
87550,0.888,0.019,-0.193
87651,0.393,-0.155,0.215
87752,-1.091,-1.537,0.118
87853,-1.613,1.438,1.555
87954,-1.980,2.000,1.970
88055,-1.980,0.702,1.970
88156,-1.980,-0.356,1.970
88257,1.337,1.701,0.110
88358,1.502,2.000,0.230
88459,0.663,-0.624,-0.806
88560,0.755,-2.000,-0.447
88661,0.846,-2.000,1.094
88762,1.276,-1.857,1.122
88863,0.594,0.624,1.362
88964,-0.236,0.850,1.369
89065,0.086,-2.000,1.624
89166,1.646,1.158,0.989
89267,1.071,0.905,0.006
89368,0.762,0.149,-0.354
89469,0.811,-0.333,-0.443
89570,1.081,0.036,0.294
89671,0.482,0.107,0.633
89772,-1.320,-1.561,0.105
89873,-1.389,0.620,0.635
89974,-1.980,2.000,1.970
90075,-1.980,2.000,1.970
90176,-0.225,-0.729,1.970
90277,1.112,1.217,0.597
90378,1.238,2.000,-0.079
90479,0.911,0.343,-0.485
90580,1.203,-2.000,-0.454
90681,1.043,-2.000,-0.046
90782,0.967,-1.652,1.208
90883,0.607,0.431,1.492
90984,-0.002,0.723,1.626
91085,0.035,-1.869,1.716
91186,1.577,1.432,1.536
91287,0.908,1.001,0.279
91388,0.775,0.319,-0.246
91489,0.799,-0.144,-0.668
91590,0.699,-0.083,-0.278
91691,0.407,-0.264,0.535
91792,-1.164,-0.891,-0.162
91893,-1.662,0.984,0.891
91994,-1.980,2.000,1.970
92095,-1.980,2.000,1.970
92196,0.609,-0.866,1.135
92297,0.886,1.257,0.132
92398,1.116,2.000,0.120
92499,0.740,-0.251,-0.265
92600,1.090,-2.000,-0.402
92701,1.412,-2.000,0.117
92802,1.464,-1.249,0.962
92903,0.632,1.231,1.371
93004,0.041,0.552,1.701
93105,0.222,-1.973,1.653
93206,1.430,1.046,1.376
93307,0.660,1.060,0.563
93408,0.399,0.218,-0.328
93509,0.595,-0.297,-0.617
93610,0.857,0.300,0.171
93711,-0.188,-0.542,0.450
93812,-1.704,-1.022,1.064
93913,-1.980,2.000,1.970
94014,-1.980,2.000,1.970
94115,0.177,-0.530,0.853
94216,0.635,0.001,0.139
94317,1.450,2.000,0.463
94418,1.215,2.000,-0.143
94519,0.854,-1.613,-0.479
94620,1.543,-2.000,0.401
94721,1.335,-1.976,0.586
94822,0.957,0.689,1.170
94923,0.114,0.826,1.306
95024,-0.049,-1.234,1.812
95125,1.301,-0.174,1.970
95226,0.895,0.904,1.229
95327,0.479,0.749,0.269
95428,0.489,0.142,-0.321
95529,0.568,-0.470,-0.604
95630,0.995,-0.528,0.269
95731,-0.632,-0.862,0.224
95832,-1.980,-0.558,1.970
95933,-1.980,2.000,1.970
96034,-1.980,2.000,1.970
96135,0.603,-0.470,0.134
96236,0.933,0.884,0.204
96337,1.054,2.000,0.467
96438,0.565,0.756,-0.012
96539,0.773,-2.000,0.028
96640,1.480,-2.000,0.740
96741,1.131,-0.091,1.056
96842,0.493,1.555,1.428
96943,0.044,0.407,1.622
97044,0.198,-1.444,1.525
97145,0.767,0.902,1.970
97246,0.468,1.281,1.475
97347,0.032,0.206,0.472
97448,0.311,-0.192,-0.524
97549,0.342,0.184,-0.325
97650,0.795,-0.169,-0.134
97751,0.037,-1.272,0.401
97852,-1.409,0.145,0.669
97953,-1.980,1.296,1.650
98054,-1.980,1.793,1.970
98155,-1.538,-0.220,1.851
98256,0.057,-1.027,0.855
98357,0.502,0.081,0.376
98458,0.231,1.420,0.980
98559,1.148,2.000,-0.010
98660,0.850,0.614,-0.313
98761,1.008,-1.704,-0.225
98862,1.530,-2.000,0.138
98963,0.863,-2.000,1.165
99069,0.235,0.216,0.737
99171,0.236,-0.063,-0.504
99272,0.663,-0.312,-0.279
99373,0.943,-0.410,-0.351
99474,-0.287,-0.939,-0.261
99575,-1.980,-0.501,1.970
99676,-1.980,1.430,1.970
99777,-1.980,2.000,1.970
99878,-1.980,1.632,1.970
99979,-1.980,0.098,1.970
100080,0.897,0.014,0.550
100181,1.126,1.822,0.760
100282,1.079,2.000,0.422
100383,0.985,0.136,-0.512
100484,0.838,-2.000,-0.220
100585,1.258,-2.000,0.044
100686,0.993,-2.000,0.625
100787,1.134,-1.202,1.336
100888,0.627,0.953,1.540
100989,-0.144,0.918,0.947
101090,0.506,-2.000,1.504
101191,1.691,-0.948,1.378
101292,1.795,1.917,1.318
101393,1.010,1.174,0.361
101494,0.638,0.629,0.067
101595,0.490,-0.345,-0.152
101696,0.901,-0.755,-0.368
101797,0.951,-0.100,-0.037
101898,0.809,-0.085,-0.248
101999,-1.346,0.211,1.084
102100,-1.157,2.000,1.051
102201,-1.980,2.000,1.970
102302,-1.980,1.266,1.970
102403,-1.980,0.120,1.970
102504,0.584,-1.277,0.918
102605,0.928,-1.706,-0.184
102706,1.597,1.003,0.353
102807,0.974,2.000,0.647
102908,0.477,1.047,-0.005
103009,0.654,-2.000,0.964
103110,1.383,-0.870,1.524
103211,0.871,0.796,1.599
103312,0.228,1.398,1.109
103413,-0.189,0.435,1.525
103514,-0.014,-2.000,1.635
103615,0.152,-2.000,1.561
103716,1.099,-0.976,1.604
103817,0.818,0.001,1.970
103918,0.739,1.512,1.607
104019,0.215,-0.807,-0.276
104120,0.488,-0.322,-0.465
104221,0.310,0.234,-0.715
104322,1.026,-0.347,-0.263
104423,0.112,-0.875,0.599
104524,-1.671,-0.529,0.709
104625,-1.980,0.511,1.890
104726,-1.980,2.000,1.970
104827,-1.980,2.000,1.970
104928,-1.744,0.817,1.970
105029,0.875,-0.556,0.095
105130,0.966,1.622,0.501
105231,1.308,2.000,0.100
105332,0.906,0.366,-0.317
105433,0.849,-1.544,-0.629
105534,1.483,-2.000,0.103
105635,1.680,-2.000,0.178
105736,1.146,-0.991,0.983
105837,0.942,0.203,1.379
105938,-0.125,-0.700,1.930
106039,0.023,-2.000,1.970
106140,0.542,-2.000,1.776
106241,1.714,1.078,1.761
106342,1.554,1.397,0.917
106443,1.089,0.293,-0.226
106544,0.481,0.107,0.016
106645,0.730,-0.378,-0.042
106746,0.564,-0.732,-0.137
106847,1.030,0.335,0.068
106948,-0.680,-1.351,-0.403
107049,-1.386,-0.212,0.527
107150,-1.980,2.000,1.970
107251,-1.980,2.000,1.970
107352,-1.980,1.524,1.970
107453,-1.980,0.418,1.970
107554,0.013,-1.173,1.443
107655,0.762,-1.769,-0.260
107756,1.153,0.080,0.002
107857,1.150,2.000,0.491
107958,-0.403,-2.000,0.214
108059,0.261,-2.000,0.997
108160,1.405,-2.000,1.080
108261,1.126,-0.466,1.211
108362,0.283,0.815,1.548
108463,0.063,0.498,1.612
108564,0.070,-1.322,1.761
108665,-0.223,-2.000,1.694
108766,0.372,-1.847,1.970
108867,0.881,1.137,1.584
108968,0.482,1.057,1.166
109069,0.127,-0.074,0.212
109170,0.342,-0.490,-0.349
109271,0.621,0.132,-0.483
109372,0.642,0.128,-0.236
109473,0.995,-0.414,0.536
109574,0.126,-0.680,0.675
109675,-1.653,-0.497,0.681
109776,-1.980,-0.035,0.855
109877,-1.980,2.000,1.970
109978,-1.980,1.778,1.970
110079,-1.980,0.298,1.970
110180,-0.264,-0.171,1.970
110281,0.830,0.468,1.384
110382,1.296,1.713,0.402
110483,1.806,2.000,0.323
110584,1.340,2.000,-0.525
110685,0.741,0.187,-0.412
110786,-0.227,-1.080,0.450
110887,1.186,-0.826,1.548
110988,0.448,0.951,1.667
111089,-0.101,1.511,1.446
111190,-0.244,0.483,1.484
111291,-0.428,-1.535,1.897
111392,0.357,-2.000,1.630
111493,1.386,-0.412,1.482
111594,1.498,1.547,1.970
111695,1.248,1.695,1.335
111796,0.444,1.133,1.403
111897,0.309,-0.875,-0.491
111998,1.155,-0.094,-0.060
112099,1.040,-0.130,-0.042
112200,0.541,-0.194,-0.138
112301,-0.674,-0.913,0.353
112402,-1.913,0.758,1.306
112503,-1.980,2.000,1.970
112604,-1.980,1.826,1.970
112705,-0.883,-0.364,1.426
112806,0.557,-1.310,0.126
112907,1.439,2.000,0.289
113008,0.270,1.314,0.318
113109,-0.383,-2.000,0.455
113210,0.688,-2.000,1.327
113311,1.255,-0.472,1.860
113412,0.307,1.138,1.353
113513,-0.419,1.040,1.521
113614,-0.482,-1.491,1.876
113715,0.578,-1.760,1.607
113816,0.923,1.386,1.043
113917,0.307,0.684,0.856
114018,0.073,-0.454,0.210
114119,0.485,-0.580,-0.418
114220,1.270,-0.119,-0.144
114321,0.400,-0.723,-0.417
114422,-0.943,-0.660,-0.365
114523,-1.769,0.970,1.161
114624,-1.980,2.000,1.970
114725,-1.980,1.919,1.970
114826,0.889,-1.089,0.428
114927,1.258,0.833,0.152
115034,-0.044,-1.208,1.754
115135,0.646,-2.000,1.533
115236,1.811,0.136,1.498
115337,1.573,1.200,0.531
115438,0.988,0.459,-0.142
115539,0.703,-0.182,-0.304
115640,0.722,-0.607,-0.350
115741,1.182,-0.103,0.276
115842,-1.263,-0.816,-0.259
115943,-1.404,0.972,0.742
116044,-1.980,2.000,1.970
116145,-1.980,2.000,1.970
116246,-1.980,1.041,1.970
116347,-1.980,0.046,1.970
116448,-0.565,-0.805,1.970
116549,1.051,-0.629,0.697
116650,1.660,1.097,0.055
116751,1.454,2.000,0.214
116852,0.127,-2.000,0.267
116953,0.605,-2.000,0.866
117054,1.090,-1.634,1.728
117155,0.804,0.099,1.838
117256,0.323,1.130,1.128
117357,-0.031,0.583,1.420
117458,-0.158,-2.000,1.629
117559,0.245,-2.000,1.741
117660,0.753,-1.163,1.678
117761,0.841,1.472,1.428
117862,0.223,1.084,1.473
117963,0.064,-0.207,0.128
118064,0.270,-0.298,-0.415
118165,0.602,-0.058,-0.831
118266,0.992,0.055,-0.493
118367,0.863,-0.725,-0.036
118468,-0.512,-1.064,0.177
118569,-1.880,-0.685,1.542
118670,-1.980,1.077,1.970
118771,-1.980,1.774,1.970
118872,-1.761,0.372,1.970
118973,0.022,-0.610,1.037
119074,0.741,-0.620,0.398
119175,0.764,0.900,0.211
119276,1.283,2.000,0.243
119377,1.279,1.949,0.002
119478,0.732,0.462,-0.920
119579,0.631,-1.290,-0.468
119680,0.814,-2.000,0.121
119781,1.365,-0.863,1.367
119882,0.425,0.617,1.301
119983,0.047,1.187,1.564
120084,-0.003,0.044,1.840
120185,0.073,-2.000,1.533
120286,0.762,-2.000,1.212
120387,1.794,0.284,1.286
120488,1.810,1.681,1.015
120589,1.132,1.499,0.670
120690,0.475,0.494,0.655
120791,0.588,-0.801,-0.349
120892,0.692,-0.247,-0.442
120993,1.125,-0.361,-0.096
121094,0.404,-0.473,-0.342
121195,-0.376,-0.779,-0.136
121296,-1.476,0.190,0.688
121397,-1.449,1.818,1.592
121498,-1.980,2.000,1.970
121599,-1.980,2.000,1.970
121700,-1.980,0.799,1.970
121801,0.794,-0.767,-0.330
121902,1.049,1.166,0.658
122003,0.896,2.000,0.594
122104,0.545,1.002,-0.391
122205,0.347,-0.711,0.065
122306,1.258,-2.000,-0.200
122407,1.468,-2.000,0.260
122508,1.280,-2.000,0.474
122609,1.398,-1.817,1.153
122710,0.273,1.141,1.169
122811,0.075,0.813,1.684
122912,0.051,-1.674,1.791
123013,0.181,-2.000,1.355
123114,1.022,-1.891,1.583
123215,1.894,-0.001,1.416
123316,1.827,1.213,0.865
123417,1.196,1.200,0.560
123518,0.687,1.515,0.966
123619,0.115,0.486,1.019
123720,0.538,-0.732,-0.623
123821,0.960,-0.131,-0.625
123922,1.124,0.145,-0.282
124023,0.629,-0.563,0.261
124124,-0.562,-0.751,0.242
124225,-1.612,-0.187,0.991
124326,-1.980,1.478,1.970
124427,-1.980,2.000,1.970
124528,-1.980,2.000,1.970
124629,-1.980,2.000,1.970
124730,0.074,-0.745,1.357
124831,0.831,-0.566,0.491
124932,1.060,0.605,0.728
125033,1.220,1.577,0.107
125134,1.555,2.000,0.270
125235,1.326,2.000,-0.180
125336,0.950,0.704,-0.668
125437,-0.521,-0.880,0.792
125538,0.506,-2.000,0.410
125639,0.581,-2.000,1.308
125740,0.128,1.019,1.616
125841,0.081,0.771,1.163
125942,-0.189,-0.972,1.702
126043,-0.158,-2.000,1.532
126144,0.854,-1.091,1.618
126245,1.420,1.013,1.385
126346,0.980,1.010,1.073
126447,0.064,-0.326,0.369
126548,0.169,-1.064,-0.340
126649,1.113,-0.503,-0.311
126750,-0.435,-0.825,-0.697
126851,-1.519,0.334,0.615
126952,-1.980,2.000,1.970
127053,-1.980,2.000,1.970
127154,-1.980,0.294,1.970
127255,0.661,-0.731,0.993
127356,1.098,0.213,-0.129
127457,1.862,2.000,0.297
127558,0.922,2.000,0.106
127659,0.687,-2.000,1.093
127760,0.855,0.005,1.940
127861,0.092,0.888,1.788
127962,0.028,-0.926,1.684
128063,0.332,-2.000,1.120
128164,1.418,-0.957,1.400
128265,1.908,1.730,1.214
128366,1.079,0.403,0.084
128467,0.751,-0.412,-0.230
128568,0.647,-0.427,-0.280
128669,0.582,-0.437,0.042
128770,-0.632,-0.598,-0.497
128871,-1.537,1.568,0.641
128972,-1.980,2.000,1.970
129073,-1.980,1.616,1.970
129174,-1.264,-0.285,1.970
129275,0.876,-1.333,0.652
129376,1.156,-0.131,0.040
129477,1.529,2.000,0.204
129578,0.306,-2.000,0.181
129679,1.089,-2.000,0.977
129780,1.341,0.015,1.668
129881,0.272,1.912,1.607
129982,0.143,-0.176,1.970
130083,0.516,-2.000,1.101
130184,1.984,-0.729,1.101
130285,1.568,1.291,0.555
130386,0.640,0.491,-0.158
130487,0.295,-0.684,-0.290
130588,0.754,-0.365,-0.387
130689,-0.246,-0.773,0.255
130790,-1.506,-1.300,0.857
130891,-1.980,2.000,1.970
130998,1.432,-2.000,0.639
131100,1.199,-0.058,1.133
131201,0.319,1.415,1.234
131302,-0.033,-0.104,1.641
131403,-0.099,-2.000,1.643
131504,1.151,-1.200,1.970
131605,0.624,0.679,0.739
131706,0.301,0.058,-0.197
131807,0.432,-0.243,-0.550
131908,0.759,-0.562,-0.371
132009,0.475,-0.590,0.355
132110,-1.553,-0.970,0.733
132211,-1.980,1.248,1.970
132312,-1.980,2.000,1.970
132413,-1.591,1.062,1.865
132514,0.396,-0.690,0.373
132615,1.006,2.000,0.381
132716,0.471,1.620,0.435
132817,0.040,-2.000,0.226
132918,1.103,-2.000,0.769
133019,1.467,-0.222,1.607
133120,0.283,1.750,1.646
133221,-0.348,0.262,1.970
133322,-0.099,-1.853,1.735
133423,0.794,-1.007,1.960
133524,0.513,1.330,1.392
133625,-0.010,-0.180,0.331
133726,0.363,-0.660,-0.356
133827,0.757,-0.031,-0.577
133928,0.951,-0.415,-0.245
134029,-0.374,-0.633,-0.245
134130,-1.447,1.275,0.922
134231,-1.980,2.000,1.970
134332,-1.980,1.735,1.970
134433,-0.972,-0.638,1.760
134534,1.512,0.917,0.149
134635,1.126,2.000,0.209
134736,-0.161,-1.032,0.173
134837,0.086,-2.000,0.826
134938,1.126,-1.572,1.818
135039,0.780,0.693,1.699
135140,-0.146,1.344,1.483
135241,-0.275,-1.406,1.809
135342,0.795,-2.000,1.553
135443,1.720,0.781,1.407
135544,0.487,0.365,0.465
135645,0.247,-0.837,-0.114
135746,0.617,-0.781,-0.568
135847,1.444,-0.156,-0.085
135948,-0.109,-1.374,-0.616
136049,-1.385,0.714,0.208
136150,-1.980,2.000,1.970
136251,-1.980,2.000,1.970
136352,-1.980,0.313,1.970
136453,0.255,-1.233,1.560
136554,1.797,2.000,0.333
136655,0.665,1.434,-0.220
136756,0.053,-2.000,-0.146
136857,0.816,-2.000,0.818
136958,0.986,0.277,1.903
137059,-0.017,1.373,1.644
137160,-0.053,-0.275,1.624
137261,0.573,-2.000,1.426
137362,1.649,-0.123,1.558
137463,1.757,2.000,1.121
137564,0.746,-0.546,-0.410
137665,0.775,-0.143,-0.521
137766,0.760,-0.100,-0.076
137867,-0.174,-1.017,-0.152
137968,-1.236,0.670,-0.197
138069,-1.438,2.000,1.578
138170,-1.980,2.000,1.970
138271,-1.980,0.450,1.970
138373,1.475,2.000,0.299
138474,0.600,0.106,-0.733
138575,0.830,-2.000,-0.354
138676,1.221,-2.000,0.369
138777,1.574,-1.227,1.268
138878,0.468,0.792,1.161
138979,-0.275,0.577,1.390
139080,0.019,-2.000,1.536
139181,1.448,-1.232,1.609
139282,1.704,1.497,1.043
139383,0.941,0.838,0.026
139484,0.724,-0.302,-0.410
139585,0.964,0.260,0.465
139686,-0.642,-0.634,0.356
139787,-1.918,-0.577,0.841
139888,-1.980,2.000,1.970
139989,-1.980,2.000,1.970
140090,-1.980,0.759,1.970
140191,-0.105,-0.592,1.799
140292,0.929,0.904,0.688
140393,1.479,2.000,0.294
140494,1.135,-2.000,-0.544
140595,1.635,-2.000,0.151
140696,1.496,-0.503,1.114
140797,0.365,0.465,1.349
140898,-0.210,-0.145,1.532
140999,-0.035,-1.614,1.860
141100,0.576,-1.806,1.970
141201,1.108,0.661,1.805
141302,0.839,0.872,0.644
141403,0.552,0.300,-0.441
141504,0.828,-0.022,-0.111
141605,-0.156,-0.621,0.375
141706,-1.932,-0.004,1.163
141807,-1.980,2.000,1.970
141908,-1.980,2.000,1.970
142009,-1.728,0.515,1.970
142110,0.440,-0.847,0.693
142211,0.876,0.727,0.100
142312,1.140,2.000,0.258
142413,0.660,0.219,-0.417
142514,1.596,-2.000,0.727
142615,1.196,-0.571,0.998
142716,0.145,0.973,1.162
142817,0.015,-1.447,1.741
142918,0.137,-2.000,1.540
143019,1.195,-0.211,1.970
143120,0.848,0.973,1.715
143221,0.357,0.869,0.943
143322,0.156,-0.433,-0.392
143423,1.252,0.036,-0.036
143524,-0.237,-0.892,-0.181
143625,-1.679,-0.070,0.865
143726,-1.980,2.000,1.970
143827,-1.980,2.000,1.970
143928,-0.293,-0.005,1.341
144029,0.716,-0.647,0.273
144130,1.155,1.926,0.319
144231,1.258,2.000,0.137
144332,0.538,-0.146,-0.333
144433,1.120,-2.000,1.463
144534,0.421,0.715,1.681
144635,-0.463,0.237,1.800
144736,-0.136,-2.000,1.525
144837,0.483,-1.423,1.785
144938,1.193,1.480,1.970
145039,0.756,1.615,1.504
145140,0.353,0.126,0.471
145241,0.363,-0.388,-0.339
145342,1.092,-0.377,-0.380
145443,-0.679,0.046,-0.598
145544,-1.404,2.000,0.536
145645,-1.980,2.000,1.970
145746,-1.980,2.000,1.970
145847,-0.221,-0.679,1.501
145948,0.980,-1.285,-0.034
146049,1.524,1.647,0.212
146150,0.864,1.977,-0.086
146251,0.122,-1.700,0.033
146352,0.428,-2.000,0.731
146453,0.531,1.278,1.623
146554,-0.086,0.390,1.601
146655,0.305,-2.000,1.253
146756,1.702,-0.612,1.093
146857,1.942,1.580,0.798
146963,-1.980,2.000,1.970
147065,-1.980,2.000,1.970
147166,-1.486,0.093,1.943
147267,0.443,-0.843,0.649
147368,1.339,2.000,0.250
147469,0.790,-0.358,-0.594
147570,1.185,-2.000,-0.197
147671,1.321,-2.000,0.482
147772,0.971,0.283,1.432
147873,-0.006,0.970,1.271
147974,-0.107,-0.365,1.595
148075,0.101,-2.000,1.703
148176,1.311,-0.919,1.826
148277,1.380,1.058,1.036
148378,0.593,0.658,-0.013
148479,0.608,-0.187,-0.551
148580,0.648,-0.183,0.596
148681,-1.354,-0.650,0.633
148782,-1.980,1.196,1.970
148883,-1.980,2.000,1.970
148984,-1.980,2.000,1.970
149085,-0.094,-0.410,0.860
149186,0.723,-0.432,0.248
149287,0.939,2.000,0.480
149388,0.485,-2.000,-0.136
149489,1.535,-2.000,0.402
149590,1.625,-1.859,0.820
149691,0.624,1.497,1.227
149792,-0.167,-0.131,1.500
149893,-0.128,-2.000,1.298
149994,1.080,-0.999,1.970
150095,1.101,0.924,1.970
150196,0.473,1.145,1.472
150297,-0.113,0.007,0.074
150398,1.029,0.286,-0.268
150499,0.376,-0.381,0.163
150600,-1.362,-0.856,0.415
150701,-1.980,2.000,1.970
150802,-1.980,2.000,1.970
150903,-1.104,0.441,1.757
151004,0.514,-1.335,0.292
151105,1.015,0.672,0.104
151206,1.192,2.000,0.434
151307,0.139,-2.000,0.344
151408,0.849,-2.000,1.500
151509,0.631,0.522,1.914
151610,-0.283,0.662,1.557
151711,-0.104,-1.746,1.721
151812,0.317,-2.000,1.615
151913,1.291,0.779,1.970
152014,1.213,1.409,1.335
152115,0.579,0.429,0.699
152216,0.192,-0.623,-0.159
152317,0.870,-0.237,-0.416
152418,-0.469,0.062,-0.621
152519,-1.376,1.466,0.168
152620,-1.980,2.000,1.970
152721,-1.980,2.000,1.970
152822,-0.666,0.028,1.850
152923,0.844,-1.241,-0.002
153024,1.264,1.055,0.125
153125,1.039,2.000,0.120
153226,0.254,-1.318,-0.067
153327,1.305,-1.798,1.590
153428,0.578,1.597,1.675
153529,-0.096,0.566,1.732
153630,0.403,-2.000,1.255
153731,1.754,-0.587,1.228
153832,1.922,1.875,0.991
153933,0.761,1.071,0.382
154034,0.367,-0.366,-0.142
154135,0.592,-0.268,-0.372
154236,0.882,0.371,-0.017
154337,-1.495,-0.473,-0.009
154438,-1.980,2.000,1.970
154539,-1.980,2.000,1.970
154640,-1.980,0.676,1.970
154741,-0.404,-0.944,1.970
154842,1.180,0.258,0.261
154943,2.020,2.000,0.424
155044,1.061,1.801,-0.550
155145,0.420,-2.000,-0.310
155246,0.801,-2.000,0.776
155347,0.028,1.093,1.308
155448,-0.100,-0.269,1.682
155549,0.393,-2.000,1.525
155650,1.849,0.590,1.755
155751,1.546,1.818,0.666
155852,0.858,0.358,-0.371
155953,0.830,-0.009,-0.437
156054,0.823,-0.120,-0.145
156155,0.416,-0.363,0.533
156256,-1.377,-0.798,-0.075
156357,-1.980,2.000,1.970
156458,-1.980,1.898,1.970
156559,-0.696,-0.850,1.729
156660,0.850,-0.553,0.552
156761,1.207,2.000,0.305
156862,1.056,1.568,-0.096
156963,0.744,-1.895,-0.540
157064,1.530,-2.000,0.067
157165,1.734,-1.682,0.841
157266,-0.260,0.374,1.426
157367,-0.107,-2.000,1.684
157468,0.986,-1.856,1.838
157569,1.503,0.629,1.372
157670,0.729,1.069,0.682
157771,0.233,0.141,-0.382
157872,0.581,-0.329,-0.644
157973,0.868,0.384,0.094
158074,-0.321,-0.494,0.473
158175,-1.980,-0.869,1.665
158276,-1.980,2.000,1.970
158377,-0.399,0.304,1.160
158478,0.425,-0.662,0.317
158579,0.976,1.440,0.320
158680,1.436,2.000,0.254
158781,0.809,0.067,-0.457
158882,1.154,-2.000,-0.072
158983,1.492,-2.000,0.696
159084,0.994,0.318,1.294
159185,-0.019,0.515,1.191
159286,0.259,-1.781,1.852
159387,1.061,0.423,1.970
159488,0.708,1.201,1.623
159589,0.275,0.255,0.206
159690,0.420,0.005,-0.526
159791,0.625,0.044,-0.666
159892,0.850,-0.322,0.160
159993,-0.936,-0.321,0.007
160094,-1.980,1.365,1.970
160195,-1.980,1.510,1.970
160296,0.275,-1.100,0.508
160397,0.953,-0.801,0.019
160498,1.065,2.000,0.384
160599,0.114,0.650,0.564
160700,-0.149,-2.000,0.397
160801,1.027,-2.000,1.206
160902,1.092,-0.550,1.504
161003,0.109,1.416,1.544
161104,-0.550,-1.423,1.850
161205,0.241,-2.000,1.461
161306,1.067,1.662,1.239
161407,0.223,0.661,0.845
161508,0.121,-0.729,-0.198
161609,0.815,-0.147,-0.514
161710,0.993,-0.501,-0.253
161811,-0.669,-0.670,-0.467
161912,-1.545,1.000,0.731
162013,-1.980,2.000,1.970
162114,-1.980,1.883,1.970
162215,0.959,-0.922,0.040
162316,1.651,1.775,0.280
162417,1.048,2.000,-0.031
162518,0.182,-1.867,-0.300
162619,0.544,-2.000,0.426
162720,0.986,-0.748,1.830
162821,0.274,1.381,1.955
162928,0.767,-0.052,-0.498
163029,0.485,0.131,0.446
163130,-1.144,-0.852,0.654
163231,-1.980,2.000,1.970
163332,-1.980,2.000,1.970
163433,-1.329,-0.226,1.931
163534,0.653,-1.306,0.296
163635,1.103,1.075,0.080
163736,1.083,1.438,-0.006
163837,0.869,-1.478,-0.427
163938,1.467,-2.000,0.015
164039,1.455,-2.000,0.395
164140,-0.204,1.002,1.336
164241,-0.151,-1.355,1.671
164342,0.965,-1.669,1.840
164443,1.574,0.279,1.336
164544,1.020,1.310,0.690
164645,0.219,0.212,-0.213
164746,0.456,-0.197,-0.602
164847,0.938,0.311,0.146
164948,-0.457,-0.474,0.702
165049,-1.980,-0.631,1.898
165150,-1.980,2.000,1.970
165251,-0.231,0.032,1.052
165352,0.496,-0.643,-0.162
165453,1.037,1.210,0.332
165554,0.805,2.000,0.533
165655,0.362,-1.257,0.039
165756,0.909,-2.000,0.250
165857,1.198,-1.661,0.963
165958,0.487,1.249,1.397
166059,-0.241,0.685,1.443
166160,0.781,-1.072,1.909
166261,1.113,1.163,1.965
166362,0.422,1.165,1.342
166463,0.013,-0.226,0.058
166564,0.468,0.006,-0.487
166665,0.843,0.059,-0.434
166766,0.534,-0.512,0.115
166867,-1.281,-0.040,0.143
166968,-1.980,2.000,1.970
167069,-1.980,2.000,1.970
167170,0.630,-1.584,-0.023
167271,1.443,0.315,0.188
167372,1.016,2.000,0.434
167473,-0.185,-0.955,0.178
167574,0.074,-2.000,0.860
167675,1.054,-1.463,1.896
167776,0.657,0.692,1.546
167877,-0.316,0.931,1.381
167978,-0.307,-2.000,1.665
168079,1.158,-0.816,1.779
168180,0.921,0.905,0.656
168281,0.408,-0.026,0.196
168382,0.376,-0.693,-0.295
168483,1.209,-0.481,-0.388
168584,0.438,-0.848,-0.578
168685,-1.172,0.216,-0.405
168786,-1.980,2.000,1.970
168887,-1.980,2.000,1.970
168988,-1.980,0.933,1.970
169089,1.040,0.040,-0.063
169190,1.485,2.000,0.204
169291,0.556,0.431,-0.134
169392,0.308,-2.000,0.020
169493,1.262,-2.000,1.143
169594,0.984,0.868,1.827
169695,-0.222,1.053,1.620
169796,0.169,-1.459,1.611
169897,1.464,-1.388,1.430
169998,1.731,1.188,0.978
170099,0.335,-0.337,-0.367
170200,0.593,-0.604,-0.486
170301,1.019,0.427,0.041
170402,0.044,-0.912,0.135
170503,-1.365,-0.765,0.434
170604,-1.980,2.000,1.970
170705,-1.980,1.899,1.970
170806,-1.980,0.246,1.970
170907,-0.238,-1.331,1.897
171008,1.326,0.433,0.139
171109,0.824,0.264,-0.701
171210,1.022,-2.000,-0.229
171311,1.271,-2.000,0.575
171412,1.092,-0.013,1.551
171513,0.036,1.466,1.220
171614,0.156,-0.183,1.884
171715,0.409,-2.000,1.591
171816,1.810,0.198,1.450
171917,1.293,1.131,0.217
172018,0.707,0.136,-0.410
172119,0.977,-0.197,0.028
172220,-0.026,-0.824,0.537
172321,-1.980,-0.830,1.399
172422,-1.980,2.000,1.970
172523,-1.980,2.000,1.970
172624,-1.980,0.369,1.970
172725,0.523,-1.020,0.765
172826,0.970,0.360,-0.171
172927,1.189,2.000,0.137
173028,1.351,-2.000,0.217
173129,1.697,-2.000,0.397
173230,1.437,1.009,1.217
173331,0.225,1.458,1.442
173432,-0.187,-1.518,1.795
173533,0.533,-1.763,1.851
173634,1.387,-0.064,1.824
173735,0.868,1.281,1.014
173836,0.198,0.340,0.070
173937,0.312,-0.333,-0.652
174038,0.479,-0.573,0.173
174139,-1.466,-1.222,0.274
174240,-1.932,0.222,1.041
174341,-1.980,2.000,1.970
174442,-1.980,1.874,1.970
174543,-0.646,-0.464,1.114
174644,0.474,-1.042,-0.255
174745,1.295,1.004,0.434
174846,0.989,2.000,1.262
174947,1.252,2.000,0.173
175048,1.718,-2.000,-0.066
175149,1.202,-2.000,0.459
175250,0.952,0.779,1.239
175351,-0.192,0.847,1.182
175452,-0.324,-1.127,1.555
175553,0.182,-2.000,1.937
175654,1.402,-0.466,1.868
175755,1.369,1.157,1.161
175856,0.672,0.558,-0.261
175957,0.467,0.014,-0.525
176058,0.653,-0.098,0.646
176159,-1.570,-0.840,0.624
176260,-1.980,1.183,1.970
176361,-1.980,2.000,1.970
176462,-1.980,1.911,1.970
176563,0.032,-0.387,0.639
176664,0.596,-0.408,0.257
176765,0.953,1.831,0.187
176866,1.268,2.000,0.244
176967,1.229,-2.000,-0.371
177068,1.970,-2.000,0.124
177169,2.020,-0.942,0.914
177270,0.473,0.869,1.142
177371,0.041,0.893,1.361
177472,-0.038,0.674,1.858
177573,0.057,-2.000,1.970
177674,0.947,-2.000,1.574
177775,1.778,1.013,1.087
177876,1.148,0.496,-0.154
177977,0.728,-0.280,-0.575
178078,1.201,0.264,0.297
178179,0.568,-0.206,0.774
178280,-0.811,-1.045,0.369
178381,-1.510,-0.997,-0.226
178482,-1.235,1.926,0.939
178583,-1.980,2.000,1.970
178684,-1.980,1.293,1.970
178785,-1.980,-0.143,1.970
178892,0.279,0.903,1.616
178994,0.129,-2.000,1.709
179095,0.737,-1.734,1.970
179196,1.465,0.471,1.970
179297,0.941,1.199,-0.314
179398,0.912,0.012,-0.074
179499,0.575,-0.340,-0.886
179600,0.608,-0.234,-0.122
179701,0.427,-0.124,0.444
179802,0.904,-0.113,-0.356
179903,0.257,-0.703,-0.633
180004,-1.552,1.314,1.464
180105,-1.980,2.000,1.970
180206,-1.980,2.000,1.970
180307,-1.980,1.812,1.970
180408,-1.980,0.338,1.970
180509,0.014,-1.184,1.130
180610,0.772,-0.466,-0.597
180711,1.216,1.932,1.385
180812,1.168,2.000,-0.083
180913,0.197,-2.000,-0.361
181014,0.976,-2.000,1.002
181115,1.366,-1.644,0.890
181216,1.436,-0.295,0.847
181317,0.157,1.299,0.952
181418,0.104,-0.363,1.611
181519,-0.075,-1.657,1.435
181620,0.455,-2.000,1.970
181721,1.626,-0.963,1.625
181822,1.276,0.616,1.446
181923,0.005,0.291,0.087
182024,0.776,-0.540,-0.660
182125,1.416,0.194,-0.108
182226,0.544,0.138,0.197
182327,-0.358,-0.692,0.383
182428,-1.619,-0.979,0.232
182529,-1.476,1.222,1.191
182630,-1.980,2.000,1.970
182731,-1.980,2.000,1.970
182832,-1.980,0.898,1.970
182933,0.606,-1.535,1.762
183034,1.202,0.372,0.289
183135,2.020,1.886,0.728
183236,1.174,2.000,-0.287
183337,0.031,0.776,0.114
183438,0.465,-2.000,-0.292
183539,-0.427,-2.000,0.143
183640,1.163,-2.000,1.531
183741,1.436,-0.146,1.793
183842,0.326,0.856,1.318
183943,0.107,-1.770,1.640
184044,-0.343,-2.000,1.724
184145,0.196,-2.000,1.793
184246,1.264,-1.520,1.813
184347,1.139,-0.705,1.815
184448,1.658,1.141,1.094
184549,0.931,0.883,0.034
184650,0.025,0.463,0.182
184751,0.246,-0.356,-0.933
184852,0.580,0.806,1.288
184953,-0.425,-0.342,0.439
185054,-0.681,-1.479,-0.948
185155,-1.335,0.452,0.523
185256,-1.385,2.000,0.610
185357,-1.765,2.000,1.647
185458,-1.980,1.580,1.970
185559,-1.980,-0.686,1.970
185660,0.962,-1.147,0.734
185761,1.459,1.429,0.150
185862,0.455,-1.006,-0.519
185963,0.851,-2.000,0.383
186064,1.359,-1.730,1.554
186165,0.608,0.834,1.546
186266,-0.159,0.487,1.678
186367,-0.018,-2.000,1.440
186468,1.726,-1.042,1.566
186569,1.902,1.357,0.705
186670,1.068,0.507,-0.244
186771,0.645,-0.181,-0.400
186872,0.575,0.088,0.548
186973,-1.136,-0.906,0.103
187074,-1.955,1.131,1.349
187175,-1.980,2.000,1.970
187276,-1.980,2.000,1.970
187377,-1.845,-0.509,1.970
187478,0.774,-0.174,1.144
187579,1.044,2.000,0.330
187680,1.106,1.400,-0.127
187781,1.762,-2.000,0.076
187882,1.684,-1.278,0.786
187983,0.606,1.314,1.354
188084,-0.285,-0.058,1.525
188185,0.071,-1.805,1.680
188286,1.067,-1.414,1.963
188387,1.295,1.263,1.657
188488,0.657,1.017,0.420
188589,0.403,0.023,-0.574
188690,0.741,0.207,-0.587
188791,0.706,0.418,0.372
188892,-1.980,0.598,1.970
188993,-1.980,2.000,1.970
189094,-1.980,1.711,1.970
189195,-0.377,-0.553,1.107
189296,0.579,-0.821,0.167
189397,1.336,2.000,0.472
189498,0.986,1.943,-0.118
189599,0.821,-2.000,-0.483
189700,1.443,-2.000,0.175
189801,0.361,1.470,1.199
189902,-0.095,-0.055,1.394
190003,-0.091,-1.954,1.517
190104,1.203,-0.238,1.970
190205,1.219,1.500,1.841
190306,0.701,0.852,0.791
190407,0.169,-0.102,-0.233
190508,0.541,-0.275,-0.737
190609,1.183,-0.392,-0.150
190710,-0.370,-0.803,-0.066
190811,-1.980,0.253,1.029
190912,-1.980,2.000,1.970
191013,-0.304,-0.275,1.484
191114,0.779,-1.219,-0.146
191215,1.149,2.000,0.418
191316,0.303,1.555,0.303
191417,-0.062,-2.000,0.120
191518,0.926,-2.000,0.610
191619,1.614,-0.957,1.529
191720,0.176,1.466,1.473
191821,-0.007,-2.000,1.579
191922,1.536,0.194,1.797
192023,1.324,1.856,1.427
192124,0.506,1.059,1.060
192225,0.061,-0.593,-0.127
192326,0.652,-0.341,-0.534
192427,1.221,-0.463,-0.129
192528,-0.314,-0.805,-0.515
192629,-1.426,0.808,0.084
192730,-1.980,2.000,1.970
192831,-1.980,-0.451,1.970
192932,0.940,-1.048,0.481
193033,1.615,1.611,0.336
193134,1.196,2.000,0.192
193235,0.152,-1.135,-0.301
193336,0.394,-2.000,0.464
193437,1.193,-1.300,1.927
193538,0.373,0.765,1.695
193639,-0.350,-0.365,1.582
193740,1.564,-0.566,1.650
193841,1.866,2.000,1.411
193942,0.993,0.614,-0.028
194043,0.774,-0.208,-0.440
194144,0.804,0.002,-0.332
194245,0.988,-0.435,-0.082
194346,0.015,-0.826,-0.466
194447,-1.221,0.883,-0.246
194548,-1.854,2.000,1.970
194649,-1.980,2.000,1.970
194750,0.838,-0.954,1.452
194857,-0.295,-0.036,1.241
194958,-0.117,-1.729,1.650
195059,0.873,-1.590,1.932
195160,1.241,0.379,1.750
195261,0.868,1.217,1.183
195362,0.212,0.232,-0.264
195463,0.584,0.039,-0.703
195564,0.922,0.404,-0.094
195665,-0.116,-0.461,0.440
195766,-1.980,2.000,1.970
195867,-1.980,2.000,1.970
195968,-0.565,-0.004,1.442
196069,0.418,-1.037,0.216
196170,1.022,1.206,0.271
196271,1.031,2.000,0.342
196372,0.466,-1.348,-0.407
196473,1.035,-2.000,0.217
196574,1.254,-2.000,0.940
196675,0.546,0.615,1.290
196776,0.039,-1.356,1.677
196877,0.621,-0.874,1.970
196978,1.247,1.423,1.970
197079,0.729,1.143,1.388
197180,0.210,-0.047,-0.056
197281,0.536,-0.232,-0.545
197382,1.014,-0.444,-0.582
197483,0.611,-0.690,-0.261
197584,-1.242,-0.006,-0.248
197685,-1.980,2.000,1.970
197786,-1.980,0.327,1.970
197887,0.722,-1.560,0.533
197988,1.188,0.052,-0.049
198089,1.008,2.000,0.256
198190,0.023,-0.535,0.160
198291,0.282,-2.000,0.437
198392,1.321,-2.000,1.376
198493,0.982,0.953,1.682
198594,0.038,1.597,1.773
198695,0.812,-2.000,1.334
198796,1.678,0.583,1.126
198897,1.112,1.065,0.852
198998,0.289,-0.020,0.297
199099,0.186,-1.007,-0.428
199200,0.941,-0.061,-0.404
199301,0.864,-0.841,-0.273
199402,-1.025,-0.617,-0.206
199503,-1.980,2.000,1.826
199604,-1.980,2.000,1.970
199705,-0.871,-0.643,1.970
199806,1.009,-0.647,0.206
199907,1.974,2.000,0.342
200008,0.940,2.000,-0.116
200109,0.022,-2.000,-0.077
200210,0.696,-2.000,1.040
200311,0.924,-0.242,1.887
200412,0.078,1.444,1.589
200513,0.003,-0.264,1.674
200614,0.443,-2.000,1.376
200715,1.550,1.342,0.571
200816,0.847,-0.013,-0.302
200917,0.713,-0.391,-0.631
201018,0.888,-0.169,-0.347
201119,0.698,-0.628,0.193
201220,-0.692,-0.997,-0.040
201321,-1.860,1.617,1.467
201422,-1.980,2.000,1.970
201523,-1.980,1.079,1.970
201624,-1.980,-0.916,1.970
201725,1.379,2.000,0.143
201826,0.948,1.450,-0.362
201927,0.910,-1.461,-0.330
202028,1.294,-2.000,0.173
202129,1.512,-1.981,1.027
202230,-0.046,1.149,1.500
202331,-0.068,1.438,1.502
202432,0.132,-1.952,1.593
202533,1.378,-1.908,1.445
202634,1.706,1.014,0.830
202735,0.515,-0.106,-0.534
202836,0.639,-0.637,-0.603
202937,1.057,0.064,0.580
203038,-0.807,-1.268,0.459
203139,-1.980,-0.499,1.792
203240,-1.980,2.000,1.970
203341,-1.980,1.841,1.970
203442,-1.599,-0.041,1.970
203543,0.628,-0.579,0.849
203644,1.506,2.000,-0.072
203745,0.878,-1.095,-0.720
203846,1.605,-2.000,0.112
203947,1.613,-1.131,0.682
204048,0.878,1.559,1.438
204149,-0.114,0.277,1.515
204250,-0.019,-1.451,1.821
204351,0.548,-1.806,1.970
204452,1.333,0.483,1.964
204553,1.026,0.965,0.747
204654,0.457,0.027,-0.763
204755,0.916,-0.190,-0.194
204856,0.089,-0.793,0.339
204957,-1.872,0.179,1.267
205058,-1.980,2.000,1.970
205159,-1.980,2.000,1.970
205260,-0.645,-0.144,1.433
205361,0.588,-0.823,0.118
205462,1.230,1.604,0.097
205563,0.942,2.000,0.113
205664,0.553,-2.000,0.965
205765,1.385,-1.351,1.311
205866,0.374,0.793,1.278
205967,0.018,0.151,1.682
206068,-0.209,-2.000,1.618
206169,0.511,-1.572,1.718
206270,1.340,0.570,1.719
206371,0.810,1.125,1.298
206472,-0.067,-0.491,0.036
206573,1.388,-0.298,-0.326
206674,0.687,-0.338,-0.261
206775,-1.356,-0.832,0.002
206876,-1.980,1.920,1.970
206977,-1.980,2.000,1.970
207078,-1.420,0.521,1.970
207179,0.822,-0.622,0.498
207280,1.181,1.084,0.045
207381,1.517,2.000,0.271
207482,0.525,0.367,-0.118
207583,0.993,-2.000,1.498
207684,0.647,1.084,1.889
207785,-0.061,0.389,1.726
207886,0.061,-2.000,1.156
207987,1.260,-1.083,1.456
208088,1.727,1.844,1.844
208189,0.890,1.401,0.873
208290,0.374,-0.399,0.039
208391,0.473,-0.204,-0.424
208492,1.047,0.036,-0.198
208593,-1.241,0.113,-0.478
208694,-1.538,2.000,1.142
208795,-1.980,2.000,1.970
208896,-1.980,0.396,1.970
208997,0.678,-1.333,1.181
209098,1.237,-0.360,-0.160
209199,1.865,2.000,0.248
209300,0.601,1.072,-0.289
209401,0.271,-2.000,0.138
209502,1.146,-2.000,1.278
209603,-0.094,1.242,1.402
209704,-0.195,-2.000,1.528
209805,1.046,-2.000,1.290
209906,2.020,1.565,1.199
210007,1.338,1.100,0.037
210108,0.575,0.055,-0.341
210209,0.649,-0.388,-0.332
210310,1.070,0.288,0.414
210411,-0.426,-0.794,-0.053
210512,-1.647,-0.435,0.358
210613,-1.980,2.000,1.970
210714,-1.980,0.519,1.970
210821,0.000,0.876,1.553
210923,-0.118,-1.779,1.455
211024,1.059,-0.770,1.970
211125,1.292,1.352,1.970
211226,0.634,1.612,1.530
211327,0.009,0.158,0.065
211428,0.365,0.061,-0.639
211529,0.226,-0.469,0.229
211630,-1.723,-0.527,0.935
211731,-1.980,2.000,1.970
211832,-1.980,2.000,1.970
211933,-0.805,-0.136,1.524
212034,0.460,-1.813,-0.167
212135,1.367,0.692,0.198
212236,1.069,2.000,0.307
212337,-0.252,-1.429,0.224
212438,0.211,-2.000,0.919
212539,0.389,1.235,1.561
212640,-0.240,0.594,1.606
212741,-0.214,-2.000,1.622
212842,1.093,-0.855,1.754
212943,1.588,1.507,1.480
213044,0.943,0.943,0.862
213145,0.092,-0.196,0.170
213246,0.301,-0.773,-0.458
213347,1.254,-0.393,-0.380
213448,0.193,-0.678,-0.444
213549,-1.980,2.000,1.970
213650,-1.980,2.000,1.970
213751,-1.980,0.580,1.970
213852,0.778,-1.360,0.602
213953,1.321,0.468,-0.051
214054,1.314,2.000,0.078
214155,0.293,-0.319,0.031
214256,0.318,-2.000,0.240
214357,1.485,-1.220,1.678
214458,0.021,0.541,1.970
214559,0.114,-2.000,1.332
214660,1.763,-1.064,1.113
214761,1.775,1.148,0.726
214862,0.781,0.449,-0.012
214963,0.355,-0.811,-0.396
215064,0.834,-0.159,-0.299
215165,0.924,-0.038,-0.013
215266,-0.168,-1.244,0.001
215367,-1.499,0.480,0.885
215468,-1.980,1.499,1.970
215569,-1.980,-0.157,1.970
215670,0.671,-0.343,1.372
215771,1.619,2.000,0.163
215872,1.548,2.000,-0.329
215973,0.763,-1.306,-0.588
216074,0.981,-2.000,0.213
216175,1.149,-1.802,1.211
216276,0.558,0.663,1.471
216377,0.041,0.588,1.719
216478,1.136,-1.519,1.842
216579,1.880,1.760,1.314
216680,1.042,0.557,-0.181
216781,0.682,-0.056,-0.697
216882,0.787,-0.101,-0.409
216983,0.514,-0.240,0.568
217084,-1.342,-0.786,0.395
217185,-1.980,1.054,1.970
217286,-1.980,2.000,1.970
217387,-1.980,2.000,1.970
217488,0.642,-0.609,0.155
217589,1.228,1.966,0.264
217690,1.062,1.112,-0.115
217791,0.894,-2.000,-0.297
217892,1.631,-2.000,0.147
217993,1.608,-0.917,0.990
218094,0.511,1.606,1.469
218195,-0.244,-0.935,1.624
218296,0.068,-2.000,1.463
218397,1.443,1.275,1.344
218498,0.428,0.748,0.556
218599,0.077,-0.112,-0.529
218700,0.681,-0.155,-0.600
218801,0.852,0.038,0.506
218902,-1.169,-1.058,0.543
219003,-1.980,0.833,1.970
219104,-1.980,2.000,1.970
219205,-1.413,1.126,1.938
219306,0.373,-0.809,0.350
219407,0.925,2.000,0.689
219508,0.404,0.476,0.040
219609,0.267,-2.000,-0.119
219710,1.309,-2.000,1.063
219811,0.955,0.351,1.641
219912,-0.253,0.688,1.426
220013,-0.123,-1.504,1.633
220114,0.106,-2.000,1.560
220215,1.201,0.740,1.970
220316,0.906,1.363,1.683
220417,0.318,-0.148,-0.380
220518,1.019,-0.039,-0.340
220619,0.844,-0.514,-0.171
220720,-0.803,-0.090,-0.475
220821,-1.688,2.000,1.314
220922,-1.980,2.000,1.970
221023,-1.980,0.791,1.970
221124,0.577,-1.651,0.660
221225,1.131,-0.222,-0.010
221326,1.309,2.000,0.245
221427,0.025,-2.000,0.409
221528,1.058,-2.000,1.733
221629,0.912,0.556,1.836
221730,-0.282,0.809,1.335
221831,-0.338,-2.000,1.466
221932,1.226,-1.455,1.496
222033,1.898,1.397,1.232
222134,1.194,1.345,0.757
222235,0.318,0.120,0.196
222336,0.491,-0.617,-0.347
222437,0.436,-1.035,-0.452
222538,-1.130,0.385,-0.418
222639,-1.902,2.000,1.970
222740,-1.980,2.000,1.970
222841,-1.980,0.147,1.970
222942,0.219,-0.985,1.970
223043,1.135,0.909,0.236
223144,1.453,2.000,0.218
223245,0.658,0.005,-0.648
223346,0.742,-2.000,-0.155
223447,1.118,1.124,1.711
223548,-0.232,0.992,1.534
223649,0.026,-1.487,1.653
223750,1.453,-1.369,1.567
223851,1.762,1.469,1.226
223952,0.986,1.398,0.334
224053,0.427,-0.317,-0.571
224154,0.757,0.139,-0.578
224255,0.806,0.284,0.073
224356,-1.747,0.067,1.141
224457,-1.980,2.000,1.970
224558,-1.980,1.571,1.970
224659,-1.980,-0.446,1.970
224760,0.674,-1.253,1.187
224861,1.473,1.888,0.258
224962,1.157,1.946,-0.208
225063,0.685,-2.000,-0.754
225164,1.490,-2.000,0.092
225265,1.386,-1.810,0.611
225366,-0.120,0.853,1.383
225467,-0.036,-1.564,1.921
225568,0.788,-1.957,1.970
225669,1.599,0.599,1.304
225770,1.064,1.072,0.258
225871,0.490,-0.134,-0.517
225972,0.615,-0.602,-0.730
226073,1.105,-0.242,0.359
226174,-0.909,-1.235,0.386
226275,-1.980,0.030,1.970
226376,-1.980,2.000,1.970
226477,-0.305,-0.400,1.196
226578,0.645,-0.690,-0.082
226679,1.291,2.000,0.180
226787,1.506,-0.228,1.595
226888,1.122,1.307,1.247
226989,0.361,0.422,0.621
227090,0.109,-1.048,-0.411
227191,0.888,-0.207,-0.509
227292,1.303,-0.593,-0.165
227393,-1.509,1.610,0.499
227494,-1.980,2.000,1.970
227595,-1.980,0.993,1.970
227696,-1.314,-0.546,1.970
227797,1.032,-0.848,0.274
227898,1.877,2.000,0.322
227999,1.071,2.000,-0.235
228100,0.080,-2.000,-0.127
228201,0.605,-2.000,0.967
228302,0.139,1.031,1.658
228403,-0.039,-0.889,1.814
228504,0.265,-2.000,1.348
228605,1.912,0.333,1.468
228706,1.692,1.165,0.516
228807,0.798,-0.175,-0.471
228908,0.739,-0.505,-0.505
229009,0.971,-0.381,-0.210
229110,0.764,-0.771,0.026
229211,-1.065,-0.950,-0.125
229312,-1.980,2.000,1.970
229413,-1.980,0.692,1.970
229514,-0.345,-1.088,1.970
229615,1.130,0.170,0.470
229716,1.365,2.000,0.079
229817,0.764,0.412,-0.622
229918,1.077,-2.000,-0.285
230019,1.478,-2.000,0.370
230120,1.538,-0.137,1.489
230221,0.167,1.532,1.353
230322,0.409,-2.000,1.549
230423,1.718,-0.287,1.435
230524,1.385,1.219,0.614
230625,0.528,0.174,-0.460
230726,0.568,-0.652,-0.791
230827,1.158,0.295,0.185
230928,-0.122,-0.457,0.419
231029,-1.847,-1.037,1.006
231130,-1.980,2.000,1.970
231231,-1.262,0.510,1.915
231332,0.429,-0.609,0.745
231433,0.845,1.813,0.279
231534,1.401,2.000,0.140
231635,0.915,-0.701,-0.836
231736,1.620,-2.000,-0.166
231837,1.435,-2.000,0.293
231938,0.932,0.940,1.284
232039,0.010,0.250,1.436
232140,0.012,-1.967,1.618
232241,1.073,1.036,1.970
232342,0.583,1.436,1.378
232443,0.108,0.122,-0.246
232544,0.384,0.052,-0.871
232645,0.872,0.183,-0.290
232746,-0.208,-0.662,0.233
232847,-1.929,0.750,1.169
232948,-1.980,2.000,1.970
233049,-1.980,2.000,1.970
233150,-0.286,-0.349,1.349
233251,1.458,1.740,0.233
233352,0.478,1.531,0.284
233453,-0.047,-2.000,0.426
233554,0.622,-2.000,1.083
233655,1.226,0.011,1.682
233756,0.304,1.499,1.367
233857,-0.119,-0.285,1.830
233958,-0.002,-2.000,1.526
234059,1.484,0.537,1.885
234160,1.400,1.499,1.289
234261,0.091,-1.053,-0.446
234362,0.697,-0.638,-0.669
234463,1.224,-0.326,-0.172
234564,-0.698,-0.652,-0.315
234665,-1.980,0.999,1.691
234766,-1.980,2.000,1.970
234867,-1.980,2.000,1.970
234968,-0.099,-1.024,1.256
235069,0.908,-0.939,-0.255
235170,1.571,2.000,0.322
235271,-0.124,-2.000,0.173
235372,0.779,-2.000,1.111
235473,1.186,0.829,1.970
235574,0.288,1.574,1.970
235675,0.080,-1.327,1.578
235776,1.079,-2.000,0.858
235877,1.972,0.756,1.067
235978,1.153,1.125,0.518
236079,0.251,-0.467,-0.121
236180,0.927,0.152,-0.224
236281,0.665,-0.386,0.067
236382,-0.831,-1.307,-0.016
236483,-1.980,2.000,1.888
236584,-1.980,2.000,1.970
236685,-1.980,0.525,1.970
236786,-0.740,-1.544,1.970
236887,1.231,-0.419,0.006
236988,2.012,2.000,0.377
237089,0.716,0.980,-0.349
237190,1.118,-2.000,0.976
237291,1.173,0.000,1.659
237392,0.099,1.433,1.374
237493,0.024,-1.243,1.678
237594,0.854,-2.000,1.279
237695,2.020,0.994,1.221
237796,1.291,0.639,-0.109
237897,0.649,-0.149,-0.565
237998,0.676,-0.486,-0.532
238099,1.030,-0.187,0.401
238200,-1.980,0.039,1.366
238301,-1.980,2.000,1.970
238402,-1.980,2.000,1.970
238503,-1.464,-0.265,1.970
238604,0.741,-0.830,0.643
238705,1.091,1.853,0.058
238806,1.270,2.000,-0.065
238907,0.867,-1.737,-0.581
239008,1.679,-2.000,0.071
239109,0.624,1.314,1.301
239210,-0.204,-0.179,1.595
239311,-0.131,-2.000,1.619
239412,1.319,-1.341,1.970
239513,1.308,0.652,1.325
239614,0.644,0.806,0.419
239715,0.310,-0.124,-0.661
239816,0.690,-0.184,-0.640
239917,0.834,0.210,0.439
240018,-1.074,-1.081,0.590
240119,-1.980,2.000,1.970
240220,-1.969,1.465,1.970
240321,0.350,-0.589,0.420
240422,0.680,0.406,0.131
240523,1.088,2.000,0.590
240624,0.734,0.593,-0.218
240725,0.802,-2.000,-0.218
240826,1.388,-2.000,0.632
240927,0.956,0.604,1.346
241028,-0.082,0.655,1.246
241129,0.387,-1.682,1.511
241230,1.238,0.886,1.970
241331,0.677,1.788,1.850
241432,-0.145,0.121,0.368
241533,0.324,-0.128,-0.470
241634,0.831,-0.066,-0.606
241735,0.845,-0.488,-0.031
241836,-1.032,0.106,-0.312
241937,-1.980,2.000,1.970
242038,-1.980,2.000,1.970
242139,0.632,-1.756,0.335
242240,1.301,-0.281,0.021
242341,1.156,2.000,0.364
242442,-0.085,-0.999,0.230
242543,0.072,-2.000,0.687
242644,1.199,-1.722,1.807
242751,0.249,-0.336,-0.420
242852,0.576,-0.457,-0.589
242953,0.917,0.643,0.282
243054,-0.720,-1.045,0.178
243155,-1.980,2.000,1.970
243256,-1.980,2.000,1.970
243357,-1.980,0.057,1.970
243458,0.613,-1.072,1.053
243559,1.375,1.883,0.320
243660,1.275,1.766,-0.169
243761,0.675,-1.742,-0.941
243862,1.302,-2.000,-0.264
243963,1.536,-1.533,0.969
244064,-0.152,0.933,1.491
244165,0.039,-1.160,1.809
244266,0.937,-1.627,1.898
244367,1.724,1.559,1.607
244468,0.836,1.031,0.159
244569,0.498,-0.152,-0.699
244670,0.670,-0.062,-0.708
244771,0.645,0.056,0.403
244872,-1.110,-0.994,0.686
244973,-1.980,1.107,1.970
245074,-1.980,1.271,1.970
245175,-0.456,-0.832,1.232
245276,0.693,-0.926,-0.026
245377,1.447,2.000,0.374
245478,0.764,0.973,-0.294
245579,0.889,-2.000,-0.278
245680,1.508,-2.000,0.371
245781,1.486,-0.457,0.714
245882,0.291,1.177,0.906
245983,-0.278,-0.692,1.439
246084,1.445,0.489,1.970
246185,1.062,0.952,1.288
246286,0.510,0.419,0.277
246387,0.358,-0.229,-0.495
246488,0.762,-0.218,-0.718
246589,1.127,-0.224,0.146
246690,-1.157,-0.993,0.030
246791,-1.980,1.167,1.970
246892,-1.980,2.000,1.970
246993,0.547,-1.125,0.364
247094,1.077,0.136,-0.028
247195,0.964,2.000,0.412
247296,0.001,0.073,0.413
247397,0.198,-2.000,0.302
247498,1.375,-2.000,1.128
247599,1.093,1.007,1.743
247700,-0.228,0.909,1.741
247801,-0.303,-1.276,1.823
247902,0.751,-1.213,1.746
248003,0.851,1.285,1.302
248104,0.126,0.018,0.320
248205,0.157,-0.931,-0.617
248306,1.081,-0.025,-0.465
248407,0.702,-0.998,-0.277
248508,-1.013,-0.086,-0.230
248609,-1.980,2.000,1.942
248710,-1.980,2.000,1.970
248811,-1.980,0.287,1.970
248912,0.639,-1.589,0.898
249013,1.820,2.000,0.255
249114,0.474,1.242,-0.131
249215,0.086,-2.000,0.167
249316,1.041,-1.979,1.550
249417,0.653,0.783,1.840
249518,-0.186,0.840,1.586
249619,-0.157,-1.886,1.684
249720,0.977,-2.000,1.318
249821,1.966,0.959,1.028
249922,1.280,0.652,0.110
250023,0.714,-0.510,-0.478
250124,1.038,-0.486,-0.143
250225,0.487,-1.097,-0.323
250326,-1.194,-0.328,-0.147
250427,-1.980,2.000,1.970
250528,-1.980,2.000,1.970
250629,-1.980,0.524,1.970
250730,0.137,-0.922,1.850
250831,1.093,0.092,-0.012
250932,0.911,0.527,-0.518
251033,0.916,-2.000,-0.197
251134,1.323,-2.000,0.665
251235,1.343,0.527,1.567
251336,0.278,1.482,1.638
251437,0.135,-1.590,1.928
251538,0.834,-2.000,1.279
251639,1.828,0.589,1.079
251740,1.201,1.045,0.173
251841,0.471,-0.410,-0.662
251942,1.110,0.319,0.396
252043,-0.398,-0.815,0.429
252144,-1.959,-1.013,1.051
252245,-1.980,2.000,1.970
252346,-1.980,2.000,1.970
252447,-1.495,0.251,1.970
252548,0.467,-0.444,0.834
252649,1.138,0.994,0.008
252750,1.985,2.000,0.229
252851,1.066,0.777,-0.564
252952,1.357,-2.000,0.590
253053,0.954,0.514,1.465
253154,0.102,0.625,1.558
253255,0.008,-1.030,1.735
253356,0.117,-2.000,1.681
253457,1.400,-0.453,1.909
253558,1.298,1.088,0.983
253659,0.668,0.631,-0.262
253760,0.415,0.115,-0.823
253861,0.883,-0.357,-0.238
253962,-1.769,-0.273,1.014
254063,-1.980,2.000,1.970
254164,-1.980,2.000,1.970
254265,-1.303,0.687,1.790
254366,0.437,-1.011,0.394
254467,0.855,0.199,0.126
254568,1.044,2.000,0.506
254669,0.397,0.505,0.103
254770,0.662,-2.000,0.149
254871,1.255,-0.188,1.181
254972,0.097,1.501,1.393
255073,-0.216,-1.543,1.728
255174,-0.129,-2.000,1.257
255275,1.574,-0.021,1.970
255376,1.064,1.309,1.677
255477,0.031,0.657,0.766
255578,-0.045,-0.734,-0.558
255679,0.641,-0.260,-0.686
255780,1.210,-0.017,0.194
255881,-1.980,0.498,1.746
255982,-1.980,2.000,1.970
256083,-1.980,1.663,1.970
256184,0.509,-0.708,0.780
256285,0.862,-0.619,-0.096
256386,1.408,2.000,0.411
256487,0.791,2.000,0.213
256588,-0.182,-2.000,-0.067
256689,0.629,-2.000,1.291
256790,1.190,-0.559,1.905
256891,-0.303,-0.652,1.576
256992,0.088,-2.000,1.356
257093,1.161,-0.329,1.970
257194,1.438,1.853,1.636
257295,0.832,0.737,0.781
257396,0.260,-0.413,-0.155
257497,0.521,-0.420,-0.543
257598,1.387,-0.346,-0.137
257699,0.374,-0.516,-0.667
257800,-1.066,0.931,-0.319
257901,-1.980,2.000,1.970
258002,-1.980,0.337,1.970
258103,0.788,-1.622,0.540
258204,1.217,0.049,-0.107
258305,1.366,2.000,0.096
258406,0.601,0.605,-0.087
258507,0.061,-2.000,0.109
258608,1.071,-2.000,1.219
258715,0.451,-0.388,-0.827
258816,0.932,0.770,0.077
258917,-0.057,-0.211,0.603
259018,-1.807,-0.714,0.963
259119,-1.980,2.000,1.970
259220,-1.980,2.000,1.970
259321,-1.980,0.962,1.970
259422,-0.292,-0.868,1.299
259523,0.827,0.280,0.144
259624,1.618,2.000,0.286
260028,0.540,1.093,1.199
